{"cameraMode":{"drawMode":0,"name":"Shaded","section":"Shading Mode"},"sceneLighting":true,"audioPlay":false,"sceneViewState":{"showFog":true,"showMaterialUpdate":false,"showSkybox":true,"showFlares":true,"showImageEffects":true,"showParticleSystems":true},"in2DMode":false,"pivot":{"x":456.89544677734377,"y":256.8768310546875,"z":141.84625244140626},"rotation":{"x":0.005070114973932505,"y":0.8014535903930664,"z":-0.006694944575428963,"w":0.5980876088142395},"size":13.197613716125489,"orthographic":true}