{"cameraMode":{"drawMode":0,"name":"Shaded","section":"Shading Mode"},"sceneLighting":true,"audioPlay":false,"sceneViewState":{"showFog":true,"showMaterialUpdate":false,"showSkybox":true,"showFlares":true,"showImageEffects":true,"showParticleSystems":true},"in2DMode":false,"pivot":{"x":412.49749755859377,"y":200.89999389648438,"z":-9.5367431640625e-7},"rotation":{"x":-0.4042236804962158,"y":-0.555458128452301,"z":0.3536922335624695,"w":-0.6348398327827454},"size":1738.7998046875,"orthographic":false}