{"cameraMode":{"drawMode":0,"name":"Shaded","section":"Shading Mode"},"sceneLighting":true,"audioPlay":false,"sceneViewState":{"showFog":true,"showMaterialUpdate":false,"showSkybox":true,"showFlares":true,"showImageEffects":true,"showParticleSystems":true},"in2DMode":false,"pivot":{"x":184.61007690429688,"y":364.9998779296875,"z":-239.83143615722657},"rotation":{"x":-0.23790930211544038,"y":-0.1453525722026825,"z":0.036025263369083408,"w":-0.9597000479698181},"size":387.303955078125,"orthographic":false}